id_user,username,email,pass
1,Jorie,jdowell0@cdc.gov,UKquDO9KHt
2,Cornie,chailwood1@eventbrite.com,FAbKqGFKDFm
3,Justina,jhauck2@mozilla.com,tWIIYdvl5ili
4,Edsel,eilliston3@europa.eu,9lqfis7UoM9
5,Angil,apadgett4@bloglines.com,HYsng65
6,Ninette,ndelaeglise5@cmu.edu,h8au8Yh
7,Doy,dmcchesney6@springer.com,6JcpNnPf
8,Giffard,gstrewther7@tmall.com,dvJXzH
9,Deidre,dsafell8@timesonline.co.uk,i3tKWQcH6
10,Bale,bhollow9@jimdo.com,lCobMVqOV
11,Roxanna,rjumonta@bravesites.com,EHa8tY3m
12,Carey,cahmadb@wix.com,h6ZA7uCh78v
13,Liam,lstanifordc@sourceforge.net,D4ox2NMSJ
14,Ardra,ayeardsleyd@aol.com,rBpWEUn4
15,Bibbye,bcasinee@nih.gov,0GeJoXyH2B2
16,Cory,cbrooksonf@tiny.cc,gkY12xQa3u
17,Eveleen,eosuairdg@loc.gov,S4jfkWLXcs
18,Spencer,ssoarsh@mozilla.org,8BPs42L
19,Nolly,nauchterloniei@hibu.com,0EEHzBfBN9cC
20,Antons,amcivorj@statcounter.com,gTaIecasN1g
21,Dane,dgierckk@about.com,N9IBieEFg
22,Cristi,cspaldingl@thetimes.co.uk,MHqIX0EFUL2l
23,Inesita,iboucherm@dmoz.org,wqGfwtPN
24,Aida,alongriggn@usda.gov,xu5pn2N1J
25,Marianna,mmooreso@scientificamerican.com,c9P1oSWCJZz
26,Claudian,ccrebop@joomla.org,Z9rnv5U55fl
27,Emilio,eumbersq@godaddy.com,F3FicTl84w8N
28,Lucas,lhenrysr@blogspot.com,O7XPUL7
29,Kenna,kcashmans@comsenz.com,OaVex3UHd
30,Cyrille,ccloptont@china.com.cn,4Fi0zNHIa
31,Konstance,kturnellu@devhub.com,dvY08iyI
32,Linn,lpalombav@github.com,oiOVS1UygVkb
33,Locke,lhaldenw@biglobe.ne.jp,Rf5oHiTbScz
34,Corena,canfreyx@google.it,IkaCRHNNa
35,Benny,bmiddley@odnoklassniki.ru,Usi3oD
36,Barclay,bcharmanz@opera.com,Og4w9HiDl
37,Norma,nguillot10@reference.com,exbI5oxMI8
38,Hugh,hrenehan11@macromedia.com,gxxR0t
39,Timmy,tdavie12@cpanel.net,X5MLjqOXq6iw
40,Nikolaos,nrehn13@jimdo.com,JpVXNKuESNM
41,Jonas,jlightbowne14@usa.gov,jXWD3O5
42,Blithe,bdeabill15@creativecommons.org,Kgp4MIzo
43,Griswold,gtabourel16@hostgator.com,pO9FT1n
44,Birdie,bhalwood17@princeton.edu,W5vzIoW2l
45,Binny,bcossell18@so-net.ne.jp,QcEfsqSY
46,Norina,ngraddell19@booking.com,yTkGn0
47,Robinson,rerrigo1a@mit.edu,iaQrBscYLov
48,Kingston,kregus1b@apple.com,566yCjJUt
49,Joshua,jformie1c@intel.com,uYPHNhP
50,Birdie,bkuna1d@networkadvertising.org,urrEi7Cjks
51,Leonidas,lcoath1e@goo.gl,EZvxTv2GAXk
52,Shayla,sfawdrie1f@technorati.com,p1Y2WPDcdcdO
53,Adriena,ateek1g@chronoengine.com,nzn4r156T7
54,Loy,lmarvell1h@tiny.cc,9QzRsIT3
55,Jocko,jizaac1i@360.cn,ToSa3y
56,Davin,dmccarrick1j@rambler.ru,YmxTNv9eFc8Z
57,Wynny,wtowell1k@chronoengine.com,MrBZDCnuBSh
58,Madalena,mbolver1l@edublogs.org,GvCVf8QH
59,Emanuele,ecrooke1m@joomla.org,Bb89ubnY
60,Brandon,bbrisard1n@google.ca,5H65Nn
61,Vladimir,vjarrold1o@pbs.org,c7YiCk
62,Dev,dmaxwaile1p@earthlink.net,VBtBEQSbEM
63,Maressa,mkurton1q@freewebs.com,ELPnulT
64,Mikel,mchaudret1r@eventbrite.com,slag4MbZtHm
65,Ros,rtrewman1s@tiny.cc,sWVsNzMLcBRX
66,Matti,mcrookes1t@sfgate.com,ZZNYVKF
67,Mill,mmoorcroft1u@discuz.net,RZrrys
68,Putnem,plobb1v@tripadvisor.com,baTLoBN
69,Andrei,alord1w@drupal.org,tuBd3dWZ
70,Dud,dbrushneen1x@1688.com,YLqpY51lSwzO
71,Chip,cyushkin1y@lulu.com,s5tawCe2o
72,Kala,kbaudry1z@prnewswire.com,eqkppxrs
73,Bernice,bbridgement20@va.gov,huCrtm
74,Kathye,kpinwell21@sohu.com,8XxWQF
75,Byrom,btadlow22@opera.com,7X8efoi0x
76,Lukas,lnewiss23@uol.com.br,ciHwX2Mp
77,Shane,srodrigo24@dedecms.com,I68KEwOB2wg
78,Howard,hhaddy25@tiny.cc,G57dwq9iQH
79,Sigismundo,syanov26@npr.org,en1Dl9ICR0l
80,Stavros,ssybbe27@nih.gov,HnAZ8cMRMl6
81,Pryce,phexum28@wordpress.org,PIN3cVIjylQq
82,Thoma,tbaldelli29@tmall.com,KUOGw4bsE
83,Reinold,rbyrth2a@drupal.org,j74YdIlByW
84,Melita,mhenkmann2b@va.gov,9Aa8tqysK
85,Odessa,odain2c@friendfeed.com,Qg7pKBDkOd
86,Daron,dyanukhin2d@typepad.com,bsNJUM6qQi
87,Bernelle,bfilippo2e@miitbeian.gov.cn,GRhRvSVPw1
88,Sibyl,socrigan2f@techcrunch.com,Sv2ERTxkO
89,Caril,cdashkovich2g@unicef.org,xftgTY
90,Granny,gfancet2h@soup.io,WAxqRo3JS
91,Nadine,nfaircliff2i@imageshack.us,SYtvcLxTp
92,Tera,tsilverwood2j@jalbum.net,rbVCgteB
93,Zitella,zkrystek2k@flavors.me,FesJWIf
94,Corena,cwastling2l@sun.com,Tjj42mqi
95,Inna,iwinman2m@washingtonpost.com,oPsb30Pgb4hB
96,Harrison,hcarus2n@timesonline.co.uk,P1nGboXi
97,Thaine,tglew2o@google.de,oHaig1a7
98,Chicky,cdeeks2p@google.co.uk,n38OcZ85Z
99,Cathlene,ccaillou2q@ocn.ne.jp,EoEeyuHCp6
100,Alanah,aosgar2r@theglobeandmail.com,JnaHEb
101,Clemmy,chundey2s@cyberchimps.com,QNW9y2S
102,Grantley,gbeddow2t@dailymotion.com,v8RmiVSn6gIV
103,Elisa,ehankard2u@nps.gov,eJML2WtKyCP
104,Walker,wwinspeare2v@ustream.tv,NkjIJ9TP1
105,Clarisse,cpollins2w@slate.com,bqBgMSjWWk
106,Woodrow,waldis2x@mediafire.com,bGAdW0EgaED
107,Betsey,bsushams2y@cyberchimps.com,Sq4sPlNY7B
108,Niki,nmiklem2z@t-online.de,1ghtmSWn
109,Isaak,idibner30@ucoz.com,vHQWYt4U44P
110,Igor,iconvery31@facebook.com,CMg3ZEs9jf
111,Raffarty,rcanero32@ucsd.edu,p6pZ3xMX96Ms
112,Jinny,jtunkin33@sina.com.cn,S3TGw9uzI2r
113,Dominick,dcolenutt34@si.edu,wwX5okrex4Lm
114,Gennie,gpymer35@aboutads.info,ewbK351DT39
115,Gil,ggrayley36@comcast.net,apBrXT
116,Annis,adidello37@weather.com,idHDPivDavLo
117,Merissa,mgrinin38@1688.com,LMHgXLQ
118,Charisse,cmcaneny39@cdbaby.com,0HftVw7V7CMl
119,Myrtle,mrennox3a@gravatar.com,wCOjL4EVABSN
120,Malina,mrogerson3b@diigo.com,tcH0tie
121,Corty,cbacchus3c@altervista.org,fXhgZE
122,Carin,cduny3d@discovery.com,c6IHg73SJS
123,Laverne,ldragonette3e@utexas.edu,vEl8wzUbbZ6
124,Jolee,jmckune3f@microsoft.com,QuLqgUfbFmdh
125,Geralda,gconen3g@ustream.tv,bU2cuSrVsW
126,Melissa,mattersoll3h@issuu.com,4qKU0HDqX
127,Noby,nslamaker3i@narod.ru,FtM1tyy
128,Jamesy,jmallya3j@oaic.gov.au,Qq3Q15
129,Dov,dmarner3k@foxnews.com,aJ4D0R
130,Em,eewols3l@samsung.com,ITnHOs1P
131,Rowney,rswindle3m@networksolutions.com,rDoX7iY
132,Lacee,lschoolfield3n@samsung.com,GG8C0v
133,Pennie,ptulip3o@tiny.cc,YEexVvZXax
134,Alyson,ahamblen3p@tinyurl.com,NEUCCv9cAol
135,Casar,cbockmann3q@vistaprint.com,XJmK4UdvmRW
136,Skipper,spedrocchi3r@cocolog-nifty.com,1jQDgHiNJW
137,Tanitansy,trapelli3s@live.com,iDNcFUSEx85Q
138,Micah,mlehrian3t@desdev.cn,Vbi7yrH
139,Bartel,bniles3u@auda.org.au,TmA0ckU
140,Renault,rnanson3v@lulu.com,KLveGx4V
141,Leticia,lnorthage3w@gizmodo.com,JPnMHkL
142,Debra,dkenrat3x@dailymotion.com,cnylZt
143,Rand,rdudding3y@deliciousdays.com,gb4CRL
144,Kile,khadcock3z@mashable.com,ZQNKOA2
145,Joane,jwardingley40@delicious.com,JAqiF9uUq
146,Melamie,malman41@bizjournals.com,1YoXZL2RYP7
147,Bord,bdockreay42@posterous.com,Nb4077JyKz
148,Andy,agepheart43@nifty.com,ImAoS62F4
149,Pace,pwhitfield44@flavors.me,DpwB9M
150,Germayne,gpavlov45@buzzfeed.com,nkHcD0DslVy
151,Vivienne,vloblie46@ow.ly,qg2u1yxdKr
152,Kim,kevett47@cmu.edu,hN8BTa
153,Loella,lspittles48@tuttocitta.it,bYMak7qLK
154,Petunia,prallin49@goodreads.com,PauggAv9HTbW
155,Michale,mbearns4a@goodreads.com,tRr5Hf
156,Drew,dkepp4b@youku.com,P2EzJZLL9ZCZ
157,Davey,dcorriea4c@ebay.co.uk,efWrnFP9
158,Mose,mbroad4d@archive.org,Kgery1UAJC
159,Kaycee,kmcshea4e@cisco.com,LFJtf00W
160,Lyndell,ltitchmarsh4f@usnews.com,1hy9mGs
161,Boyd,bearlam4g@gnu.org,uTNJ9vET7Jxr
162,Coletta,cmeaders4h@aboutads.info,VGdZubl
163,Basilio,bfrankis4i@tripod.com,0bEU0e
164,Gunner,gpridding4j@sciencedaily.com,jv1HQD9Dk99
165,Lewes,lhigounet4k@moonfruit.com,LumWSB6NI
166,Karee,karend4l@skyrock.com,pMr2DH5e
167,Justina,jfollen4m@umn.edu,BXxsRE
168,Crista,cvarah4n@who.int,9lEZDMc
169,Alfy,abang4o@slideshare.net,JldmKJMQ0xWr
170,Hinda,hlinsey4p@ask.com,TG64dfzwQ
171,Russ,rbrekonridge4q@gravatar.com,UYckPZjF
172,Wilmer,wsiddle4r@google.it,GbpaOvDkS
173,Margalo,mdartan4s@fema.gov,CgzcLnHN9Yv
174,Marie-jeanne,mespinel4t@angelfire.com,EjbEYP1
175,Philip,pcrowcombe4u@bloglines.com,UH4MzbLy9Acz
176,Annabell,aduffit4v@360.cn,NyGrX9u
177,Pam,pburnup4w@un.org,1fB62akXXay
178,Jyoti,jdarte4x@telegraph.co.uk,tYuKTB
179,Faber,fwrightam4y@technorati.com,ca8kghO
180,Cheslie,cfricke4z@domainmarket.com,peo2F0WlrNEp
181,Glennie,ggerriet50@github.com,o31xtziAWZYJ
182,Nels,nbode51@amazon.com,xKqi2gM
183,Hana,hedson52@g.co,qb70FQ
184,Bern,bcampo53@amazonaws.com,teoT46BOOL5
185,Flo,fdance54@barnesandnoble.com,AveajDHxqp3
186,Hedy,hwerner55@nydailynews.com,pdNI0ay4z7
187,Murdoch,mstuckes56@ustream.tv,nS1prOOZIIa
188,Margery,mtomankowski57@sbwire.com,LWaTnIU5ova1
189,Nicoli,nhaggett58@bbb.org,7SIqyk9pjZ1B
190,Nels,ngrundon59@prlog.org,cgdBlWI3
191,Melosa,mbase5a@livejournal.com,F6XFXZ
192,Rainer,rspring5b@cyberchimps.com,MuPyJj
193,Shaylah,swebsdale5c@bravesites.com,fzOte8wkB
194,Dosi,dyounghusband5d@uiuc.edu,eCyDAX8fZE
195,Roanna,rkimm5e@upenn.edu,pSTaK0v0Gs
196,Delphine,ddrains5f@plala.or.jp,EfjHx5J07
197,Delcina,dellerker5g@cbc.ca,W0Owhl
198,Maddy,mgillum5h@smugmug.com,zBDdJWMw
199,Kinna,kleigh5i@gravatar.com,tMblfiKHoL2c
200,Kipper,krowney5j@google.com.hk,BU9zITTA4z
201,Nathan,neltune5k@timesonline.co.uk,lY6mrb
202,Mitchell,mpeckitt5l@geocities.com,SmAIxY6iKOH
203,Tandy,tshory5m@technorati.com,wj2g9H
204,Margo,mcrucetti5n@infoseek.co.jp,vx1gXR
205,Kristy,kblesli5o@narod.ru,YmXZYAo
206,Ward,wwheadon5p@privacy.gov.au,uwwjicRv
207,Aldridge,apeasegood5q@tuttocitta.it,NZrMyM
208,Querida,qcalley5r@icq.com,WXuCZt9I
209,Donnamarie,dgarfath5s@wordpress.com,TIcsKwDsu71q
210,Brianne,beddie5t@illinois.edu,pgv4P2Q8NNNl
211,Dominica,dstokey5u@utexas.edu,LvX1yHI7QmUo
212,Zorah,zsommerled5v@disqus.com,UYlow2mZob
213,Tully,tgemlett5w@bizjournals.com,V9sllJA5xrZr
214,Ashbey,ahucke5x@fda.gov,feLMVM2oFsmI
215,Dell,dfavill5y@cbslocal.com,HTiaQl
216,Abbott,abeddows5z@spotify.com,BP0uWpDH7kN
217,Andi,ablancowe60@aol.com,JzVDvUx6C
218,Bernice,bbenko61@bluehost.com,kjaFeuAEta
219,Robinia,rhuxster62@ycombinator.com,jmXDMsX8r5Bm
220,Charlena,cyewdell63@google.co.jp,0Rez3bOrzw
221,Baillie,bdeclercq64@arstechnica.com,S4g9lsbAHnX
222,Dick,dvern65@slate.com,dAOvnZ3P
223,Etienne,ecullington66@g.co,RltnhHkkFR
224,Ewen,esloyan67@msu.edu,1EGYRu
225,Dilan,dedmonstone68@youtu.be,Tl1pNmv4Z6
226,Towny,tloddy69@usa.gov,ZCGuXx
227,Joye,jgoodyer6a@nih.gov,Ik0a7w4LB
228,Conway,cpotter6b@wikipedia.org,2MdSTn0
229,Wendell,wwarwick6c@jigsy.com,TkzIGI
230,Davida,dclemanceau6d@amazon.com,2oBznT2iya9f
231,Ami,awragg6e@shinystat.com,Kbrv7vt0
232,Faye,fbrunnen6f@icq.com,vIBBskuq
233,Rodolfo,rwoollard6g@livejournal.com,Qu2MlUoTumgG
234,Danielle,dkrol6h@yelp.com,V1emri
235,Nola,nspancock6i@barnesandnoble.com,nzrs5xZdbLtd
236,Ernest,ebuller6j@ucoz.com,COhzM91YVx
237,Boycey,bclowsley6k@baidu.com,mUz6EvfC
238,Edee,eleppo6l@360.cn,ZHVwG6i9
239,Ella,elouden6m@twitpic.com,JOr3Vgp
240,Tricia,tlacase6n@nifty.com,rYkElI
241,Juli,jgrote6o@java.com,HAsVZtkwVa
242,Andromache,acoon6p@wikia.com,Ye82xxLOZwNU
243,Robert,rguidera6q@netvibes.com,D5Qw54QL6vv5
244,Nappie,nesh6r@ucoz.ru,T9gZbyQ44o
245,Fallon,fbalchin6s@edublogs.org,nMahGlMqjTP
246,Konstantine,keyden6t@engadget.com,qxgG98gO4UK
247,Estevan,ecayette6u@4shared.com,tbOZWPE
248,Karilynn,kfarrell6v@diigo.com,y24CDFtjR9PY
249,Arnaldo,acongrave6w@hexun.com,lUrYEsQB
250,Ettore,egoalby6x@clickbank.net,2Qru4E
251,Tades,tcosans6y@cmu.edu,0YwJ1V0sM
252,Uta,ugittoes6z@baidu.com,ctElNwcvl
253,Fritz,fhutten70@privacy.gov.au,GWizFLF451R
254,Giffy,ghugueville71@gizmodo.com,uFRHMacr
255,North,nrosenfelt72@webmd.com,Jx6tiUX2
256,Fleur,fsawdy73@ustream.tv,MuN7Eg
257,Dukie,dcrocket74@chicagotribune.com,klVGtWtMbIL
258,Robyn,rgolsworthy75@sciencedaily.com,Ytl6K8ltq7Y
259,Randolf,rdabell76@last.fm,sSABWl6tH4
260,Howard,hbonds77@bravesites.com,0BlhIU
261,Annabel,aabade78@pbs.org,XOj12f
262,Ryun,rcann79@taobao.com,WraWc7a
263,Kylynn,klindblad7a@cnn.com,6vPZ0vRCKWgI
264,Juline,jsivyer7b@shop-pro.jp,Ex2dCWTmh6
265,Papageno,pdarrington7c@goodreads.com,gqYfTh29W
266,Martica,msimonato7d@booking.com,WJCvSvaVZe
267,Murvyn,mberrisford7e@go.com,cDs9YngrCE
268,Thain,thatliff7f@sphinn.com,FNWaGUBT
269,Alysa,arelton7g@ted.com,cAlRwXMoQ
270,Nicki,ndiver7h@usatoday.com,7nWkngP
271,Skyler,sbretherton7i@amazon.com,W1BcECCRGXvK
272,Fabian,fdiggins7j@nature.com,ZSOvvmh
273,Ralina,rbegley7k@time.com,pu09q7lRQM
274,Lorne,lobrollachain7l@prlog.org,ybDICfoV3abB
275,Chas,ctrippett7m@si.edu,4Hd8GzQNaf
276,Claybourne,csymson7n@xinhuanet.com,xxY6ZxewwKf
277,Lynnett,lchessman7o@amazonaws.com,3zM6SkkPa
278,Dreddy,ddollman7p@homestead.com,fqikwz
279,Gilberta,gcrudginton7q@state.gov,XnvCMujAha7E
280,Wakefield,wdregan7r@so-net.ne.jp,3IwaU0w5bGBj
281,Rosalynd,rhayball7s@cocolog-nifty.com,iEi6dY
282,Alexandros,acammidge7t@meetup.com,zsXHrp0t5aX
283,Daisie,divain7u@seattletimes.com,9cjR30KS
284,Michele,mcenter7v@salon.com,siOngjPa55yX
285,Venita,vmattisssen7w@mediafire.com,VX4JfLGUaNZ
286,Glyn,gbladge7x@altervista.org,8YkTe8exa
287,Derron,dfirby7y@tinypic.com,4pbKUT4
288,Anna-maria,ahansbury7z@illinois.edu,oeK4uYYsm
289,Ansley,asabater80@ucoz.ru,BvrbupGFfnPU
290,Jamey,jworsnop81@nymag.com,7xRWek
291,Ase,astuddard82@google.pl,ySZxvO3H2DP
292,Valencia,vculmer83@free.fr,KIedJNnLpgJt
293,Amalle,afarnsworth84@sun.com,uwipNs1f
294,Brice,brawcliff85@samsung.com,Uh3QQi5bR
295,Johnna,jwoodyer86@xinhuanet.com,cxCWiR
296,Irvine,iscanterbury87@ovh.net,QMu3x5U0
297,Roxy,rrothermel88@dailymotion.com,st1qHST1c6C
298,Hetti,hthame89@issuu.com,Fi9IgpbQYwp
299,Rosanna,rupex8a@multiply.com,0Do6E73pA
300,Willie,wscocroft8b@mlb.com,Nv7TawXw
301,Dyann,dgreatbanks8c@wikia.com,MhZYxWh
302,Sullivan,sboyer8d@howstuffworks.com,BfkcZY6caUM
303,Bearnard,bbaggott8e@unc.edu,CvZPYl1CaP01
304,Gianni,gsomes8f@unc.edu,7Ptyra92Jtt
305,Morrie,mtatchell8g@miibeian.gov.cn,ZCChNwkXWR4
306,Caty,cchappelow8h@cam.ac.uk,NF8cXY9
307,Lib,lgascoyen8i@livejournal.com,snm1rsY
308,Wanda,wpalfreman8j@mysql.com,eXa84hmD
309,Kathie,kneat8k@phpbb.com,zNsqwR
310,Kaile,klethardy8l@jimdo.com,PEzrl0UcwvEw
311,Madeline,mseager8m@github.io,qmufbqy
312,Thorvald,tbednall8n@europa.eu,n0tDmF6
313,Cooper,cboldt8o@stumbleupon.com,uaRbvEaG8Oq
314,Denver,dmatic8p@stanford.edu,gDQ6saQ
315,Brenn,bstratford8q@state.gov,4vROUh
316,Patrica,pwrankling8r@google.pl,8JYTmxN
317,Valry,vburfield8s@washingtonpost.com,xvz3T2l
318,Concordia,ctotterdill8t@unicef.org,9H81sgy
319,Shela,sbertin8u@wiley.com,TvUcSNw3gKJ2
320,Linnell,lholdall8v@weibo.com,5pIJwBQpmmU
321,Piper,plogg8w@loc.gov,TPpWPXToxKL
322,Tailor,thuband8x@spiegel.de,mpbMWP
323,Estele,ellopis8y@quantcast.com,3j09D0B0414x
324,Consalve,cmunkton8z@virginia.edu,WPytlt
325,Lonee,ldarrell90@blogs.com,gIH4rn
326,Rickie,rmeasham91@webs.com,El302X34
327,Jo-ann,jlaraway92@rediff.com,FIuiZAA0qWS8
328,Agneta,aduce93@admin.ch,T1VglYCytA
329,Marge,mabramzon94@goo.gl,zhnOBJ
330,Conny,cjauncey95@huffingtonpost.com,jGtsD9
331,Helenelizabeth,hmarcome96@creativecommons.org,QOuOigR
332,Taddeo,tholstein97@miitbeian.gov.cn,6ruxx6
333,Meier,msilmon98@wiley.com,pa8ML3R
334,Gelya,gfeasey99@adobe.com,hUguXeDvWw
335,Bree,binger9a@blog.com,Zy0hcYM
336,Gisella,geverington9b@state.gov,o10hhfCJUCbP
337,Jennilee,jvaneev9c@yelp.com,5FuNlq9
338,Celene,chendron9d@example.com,nRrd8LswbZau
339,Bonnee,bseckington9e@ibm.com,W1Tbz6
340,Bernard,btotaro9f@discovery.com,iKqTaVW
341,Hetti,hduinkerk9g@clickbank.net,zxLm5yZWGcK6
342,Alex,adavern9h@topsy.com,309q2G0KiV
343,Jolene,jsimcock9i@sohu.com,enSrRgGf3
344,Shanda,sbarnhart9j@symantec.com,Oyy3k4
345,Rori,rpedican9k@delicious.com,bwRkAfiO6oA
346,Joly,jsebire9l@xrea.com,GWoNlC
347,Anetta,aeakin9m@phpbb.com,Vv8WH0
348,Cecil,ctyler9n@ucla.edu,EafT3Bw3Qvn
349,Xenos,xquantick9o@zimbio.com,mtvYVH0Jx6Mf
350,Julissa,jjarnell9p@youtu.be,aHqItNt1
351,Casey,cangrove9q@yelp.com,aXkItP
352,Gabriel,ggriswood9r@pen.io,ZAjQjL
353,Ruby,rbruhn9s@un.org,4bwd5iOB
354,Adeline,aduny9t@yelp.com,BC6sT1Cl
355,Galina,gredd9u@trellian.com,VkO4oCej
356,Lucius,ltarquinio9v@studiopress.com,4pz2XjV
357,Ketty,ktreece9w@marketwatch.com,NsXTAZHRgxpm
358,Rurik,rrosenstein9x@yale.edu,OXlOvf1BlURJ
359,Julian,jprofit9y@plala.or.jp,k1KEnSABWcU2
360,Casi,cduffield9z@forbes.com,AkgHK5KF
361,Valery,vpakenhama0@msu.edu,tB6G2IbGP
362,Redford,rnortona1@etsy.com,KimkehXp7NZ
363,Sibbie,sbandeya2@loc.gov,WiLZOe903YW
364,Saraann,spennaccia3@google.ru,3qYTmAC6eTv
365,Riane,ranthama4@sina.com.cn,tpkXFAAcr
366,Emlyn,eszimonia5@ed.gov,riynTAR9S
367,Callie,cbaakea6@opensource.org,cZuDaw
368,Garnet,gfellisa7@businessinsider.com,VOJHBaxp
369,Adiana,aeverleya8@dmoz.org,KvYsLOlZ8
370,Amandy,agandleya9@comsenz.com,UJPpzw6y3
371,Ashbey,abredgelandaa@ucla.edu,qcRqFXRVJmr
372,Liuka,ldenverab@nba.com,H6VynhUqVY
373,Blinny,bcuphusac@cargocollective.com,VNrzaBLf
374,Robers,rmatterisad@statcounter.com,J7YePX4
375,Kerr,klafflingae@t.co,RObHNyc
376,Freemon,flabordeaf@google.co.uk,MGrBET
377,Katie,ksindersonag@miitbeian.gov.cn,lBxlqhN3HbH
378,Kristos,kmaccombeah@engadget.com,3UC84Q
379,Lenka,lwoolliamsai@paginegialle.it,Xt4FoxrlQC2
380,Esdras,edorceyaj@miibeian.gov.cn,NF8peFAlLeL
381,Brose,bmuroak@usnews.com,kwQkY3
382,Wade,wackredal@tinypic.com,JirmXYY
383,Emogene,edunseatham@independent.co.uk,MkNMsG
384,Erin,ewillesan@i2i.jp,YnOt3wcAyGJk
385,Rea,rcamblinao@sohu.com,mehdFuQO6
386,Heloise,hbarlthropap@chronoengine.com,Sb6xCBl
387,Kalvin,kdesesquelleaq@techcrunch.com,k8r1vO
388,Jillayne,jwoosterar@twitter.com,bdHZxlAFgxe
389,Murial,mnyeas@adobe.com,0LjWiQj
390,Cherie,cmesnardat@thetimes.co.uk,NKwn38AD7
391,Jordan,jlinskeyau@flavors.me,yHFlhIKzt
392,Ranique,rpaxfordeav@dell.com,y1S4bsftD6
393,Marijn,mpallaschaw@squarespace.com,NISld2DN0
394,Norry,nmaciociaax@discuz.net,5ZFUYDC5o9Z
395,Rosamond,rsatchay@github.com,Xltc6x1H
396,Aryn,anealaz@vimeo.com,wVtEIhbY
397,Melina,mshuxsmithb0@engadget.com,Uz0JKqgnsTu
398,Chucho,cfitzmauriceb1@istockphoto.com,pknL4ab9Nos
399,Daphene,dcluerb2@ustream.tv,P8ykIkFnAuM
400,Christian,cgleadhellb3@wsj.com,IO43Eo4dI
401,Ollie,otregianb4@smugmug.com,q2QsIXiy
402,Alverta,asholemb5@barnesandnoble.com,q0lN8V
403,Morse,mdowsb6@scribd.com,JnvecGmwkJ
404,Juan,jwaudb7@macromedia.com,OLV4Gkuy
405,Mitchael,mloughrenb8@indiegogo.com,icrJ3U
406,Eudora,edelacib9@economist.com,4RSu09
407,Tammy,tclossba@free.fr,2rGNEFfL
408,Gwendolyn,ggaiterbb@discovery.com,yv6w7RaimoVf
409,Zuzana,zdurkerbc@edublogs.org,90Oq0fH9
410,Candis,cwraightbd@myspace.com,URnTTtrT1YR
411,Iorgo,ishattockbe@webeden.co.uk,WKoiGs6UZCk
412,Isabella,ioxendenbf@imageshack.us,r2Tt1tBU
413,Rhianna,rgenneybg@mit.edu,lfFXbIS
414,Griffith,gpfifferbh@hubpages.com,YkTPcXYOQ
415,Robby,rguitonneaubi@qq.com,pPL5Z5PewHe5
416,Fredek,fbeazeybj@amazon.de,n37ofi
417,Nickie,nmoiserbk@blinklist.com,mIex55OhlP1e
418,Olivia,omonckmanbl@twitter.com,07LXMFVNo
419,Derril,dreadshawbm@biblegateway.com,gTMMmVBuPY0
420,Merrick,msnelgrovebn@reddit.com,UkuPSyvCQzP
421,Corabella,ctomasianbo@businesswire.com,tSUhctqcIDD
422,Kliment,kgreenleybp@toplist.cz,YCRWRZRJ
423,Jason,jhaggidonbq@tinyurl.com,kCmkXRyLCY
424,Carey,ctyttertonbr@unicef.org,vhfXld
425,Alysia,acapnerhurstbs@rakuten.co.jp,2AFfHN
426,Sky,smephambt@phpbb.com,FCt48KNvE5
427,Reade,rrennoxbu@virginia.edu,5hO981
428,Dicky,dradouxbv@spotify.com,XyiiZb3dn55R
429,Clarance,cskevingtonbw@usda.gov,bpURVcb4E
430,Andeee,acolledgebx@springer.com,9RY7Df
431,Elie,eboverby@histats.com,ANzFzBp
432,Saundra,stomowiczbz@cmu.edu,b4DSpxu
433,Pippa,pmuriec0@freewebs.com,9ZVfLclv
434,Jenny,jmackenc1@altervista.org,2EU4rKCVBi
435,Tedra,tmcwhanc2@so-net.ne.jp,dftbTmL3y
436,Brantley,blornec3@java.com,3Q8vM6IbW
437,Giacobo,gdeerc4@sun.com,hUjmVNYJPZ
438,Simone,sworsallc5@myspace.com,xFRsWKdQgSx
439,Sibelle,slynamc6@engadget.com,LGuHOIsW5k
440,Yuri,ykenyonc7@theatlantic.com,khyhXBo8pDl
441,Tab,tcreamc8@topsy.com,OjO67x
442,Rae,rikringillc9@imdb.com,pIrYoYsU
443,Ganny,grisebrowca@census.gov,t4KMqlKEhx
444,Dunc,dvasselcb@delicious.com,dLSweCsd9
445,Celestine,ccrowthcc@youtu.be,Mi4PB1y
446,Mickie,mbartozzicd@seesaa.net,53onf9kvfmLA
447,Shae,sskeletonce@cbsnews.com,AZa1HAyoxEQ1
448,Latashia,lswaynecf@bluehost.com,Eq4J0KcLyA
449,Jennie,jkidgellcg@wp.com,9IOnRvxlRMn
450,Gerhardt,gdanilinch@ihg.com,UdVakK
451,Desiree,dgilhespyci@cnet.com,cC66PSwyb0Iy
452,Henrie,hdevonscj@skyrock.com,ldvxu4zmuY5n
453,Mendie,mprayerck@buzzfeed.com,XPRWn1
454,Pernell,plicciardicl@alibaba.com,tRH0Zz3l
455,Pru,pwillimottcm@amazon.co.jp,ht8Q3e3ci
456,Monro,mcordiercn@sakura.ne.jp,vt80Siytj
457,Edmon,ewigfieldco@apache.org,nZE84rY1FyG
458,Vlad,vhealingscp@oaic.gov.au,7tmlkf
459,Jedidiah,jhollidgecq@facebook.com,ldY47EW
460,Corrinne,crisbycr@netlog.com,iIsIO58d
461,Hestia,hjointcs@tumblr.com,F48zVsVaAC
462,Giovanni,gstofferct@clickbank.net,yfCESyIyLDJu
463,Winnah,wslimmingcu@i2i.jp,cLDYSldfYdC
464,Elysia,emalloncv@people.com.cn,oHkrPg
465,Keir,kgrinyakincw@biblegateway.com,9BZ0RVgEV
466,Farica,ftwellcx@quantcast.com,0Uoehagvr
467,Roddy,rschiesterlcy@netvibes.com,NmhonmrHvw3
468,Evelyn,ebeddowscz@china.com.cn,NuGCU0NFjlre
469,Charmine,ckezourecd0@yale.edu,NniVQaLj
470,Hasty,hpybworthd1@zimbio.com,kvMDzy2
471,Vivia,vstairsd2@theguardian.com,tGMTqqaUR
472,Pennie,pfluckerd3@uiuc.edu,zx7npkst8z
473,Meagan,mvasilenkod4@blogspot.com,aJtzDYcc
474,Tabby,thagstond5@bravesites.com,RTq8pHphx5u2
475,Thelma,tcorgenvind6@ezinearticles.com,FtkecGZRNm
476,Misti,mloughnand7@zdnet.com,LvVb4r0nX
477,Netta,nsulterd8@youtu.be,8AQPSzDcNBUS
478,Shannah,sbambrad9@hatena.ne.jp,IY6naT5f9wt
479,Yasmin,ydobrowskida@irs.gov,t4Mwl4pkO
480,Madlen,mblowingdb@cnn.com,AIXOQz2
481,Cliff,ccellonidc@netvibes.com,hNbAtYUiHAN
482,Crystal,cepiscopiodd@goo.gl,rBIQuUS0
483,Alric,admitrienkode@zimbio.com,LutNhDm87
484,Lesly,ldumbreckdf@irs.gov,o84ng4X
485,Moore,mpaveldg@tinypic.com,iE6YpblB3PM
486,Codi,cdeandreisdh@nyu.edu,wkywx7IQO
487,Blythe,beminsondi@hibu.com,YveAEfT2s
488,Vally,vmckernandj@cbsnews.com,O6bINf9q
489,Myrlene,maltamiranodk@topsy.com,QS8ZeYtHXHKV
490,Coralie,cjeanindl@flickr.com,Cx6grU
491,Shanda,spawnsforddm@cargocollective.com,BzQXOjDl
492,Renard,rpadleydn@prnewswire.com,DdbtjgOl3lK
493,Hayley,hpryelldo@fastcompany.com,isD6Hf
494,Gino,gsellstromdp@wix.com,LZbhT4reZzV
495,Hortense,hsemechikdq@blogspot.com,8372tO
496,Sandi,sstittledr@dyndns.org,5crWMT
497,Teressa,trapkinsds@squidoo.com,ap4vUg6ehG5
498,Zeke,zstannersdt@hao123.com,it532PH4cEvV
499,Hyman,hhetterichdu@pagesperso-orange.fr,qu0RqY
500,Arnold,awandrackdv@aboutads.info,t0hXDUvGXC
501,Nada,ntoftdw@printfriendly.com,Cn0wOIO
502,Ly,lbaddoedx@t-online.de,A32HSUZH
503,Coral,csawerdy@tumblr.com,91uuL7UNzZ
504,Ronalda,rwhyberddz@geocities.com,Jfu6Q59Hz
505,Dynah,dcallare0@timesonline.co.uk,zFv3iREQF
506,Esme,etitlowe1@intel.com,d18P5KVVX
507,Ofelia,oserridgee2@slideshare.net,yycj2cq2O
508,Venita,vfawkese3@creativecommons.org,QR7Ck5NtW0
509,Conant,cmcgivene4@youtu.be,otLdcYkY
510,Prinz,pgilliane5@wsj.com,pKo519Ns
511,Rosalinde,rdoogoode6@princeton.edu,mqQpfDYb8
512,Guntar,gcarlowe7@gizmodo.com,GbvUDEoUvp
513,Malanie,mbruinsmae8@printfriendly.com,BQfKhouB2UgU
514,Randall,rferebeee9@nps.gov,uLNWR9
515,Hyacintha,hberrisfordea@cnet.com,mm0Sgs95zyu
516,Erhard,emaniseb@infoseek.co.jp,4M3afdmue0i
517,Trude,tmerdewec@ocn.ne.jp,sPW3S7dwCNx
518,Genny,gmettsed@twitpic.com,zwbg1KVCQT
519,Giustina,gfideleree@cam.ac.uk,huUmCBCBp
520,Wiley,wkymeef@apache.org,UY5Ud3lC
521,Fritz,ffairbraceeg@fotki.com,EjhD7jJjs9
522,Colin,cmichaeleh@google.nl,LczfIqY1Eh
523,Lenora,lsconeei@yandex.ru,uLGRXVY6o5
524,Josefa,jdhoogheej@oracle.com,ig8r0Q1mu
525,Arda,ariccelliek@biblegateway.com,omWkfnFa
526,Hagen,hbearneel@rediff.com,2xUbn1e7d
527,Jaquenetta,jsicelyem@state.tx.us,b5WnFPC8n
528,Ximenez,xtroyen@myspace.com,8zE43UUUaT
529,Carmel,cberchereo@alexa.com,i6JWwHjQH
530,Vinson,vgaveep@sciencedirect.com,rKOLRTxM
531,Buffy,bbarfooteq@accuweather.com,Z81frXzO1FJG
532,Dunn,dpenhaller@icio.us,pcI9evFPaWRN
533,Maxy,mbunnyes@wix.com,APXgV8Wt
534,Charmine,cllywarchet@webs.com,N45g7TUuU
535,Forest,fllewelleneu@kickstarter.com,BAO7UV3h
536,Nicholas,npealev@cisco.com,JmKCoAN2Xu
537,Deb,dmerryweatherew@prlog.org,eEeQXpU7
538,Perren,pberthouloumeex@51.la,BAlhSY2COKr
539,Margy,mfaveyey@guardian.co.uk,RHxG9l4rnu
540,Gregor,gforesightez@toplist.cz,t4HxPUEYsHe
541,Merry,mcrimpf0@is.gd,BN1ZNW1ypx5
542,Anatollo,adesremediosf1@163.com,XBhqiYh6j5
543,Fred,fgabbf2@google.co.uk,Gb0LVHyEx
544,Emalia,edoswellf3@state.gov,0PU8Kcxf
545,Carlie,cbernardesf4@usda.gov,JpRmqypQ7x
546,Arlin,asamwayesf5@homestead.com,IJNQewiS
547,Filide,fgilbartf6@baidu.com,fxf7K3rYr
548,Goran,gwandrachf7@google.es,XczIFaHOd3
549,Cassi,clippingwellf8@netvibes.com,y7ubs8MK
550,Jeralee,jbarnfatherf9@netvibes.com,NPuFdytFO
551,Karon,kwhiteselfa@merriam-webster.com,T287kQw
552,Adriena,amonaghanfb@ucsd.edu,lX8zGHSR
553,Ophelia,omelwallfc@ameblo.jp,hMuQrRTvB
554,Kiel,kdeanefd@independent.co.uk,3bsrlB
555,Willyt,wbutsonfe@fotki.com,6pmyq3
556,Almire,awizff@discuz.net,Jt25Atnzq8
557,Leah,lpavesefg@dell.com,TW3Yah
558,Debera,dknowlesfh@rambler.ru,bKghab6
559,Winfred,wboothroydfi@stanford.edu,lylRY77
560,Drud,delixfj@geocities.com,3Oz3WDnj
561,Kerianne,kpressnellfk@baidu.com,OZ6rsPzUQr
562,Shurlock,shunnfl@phoca.cz,5xgUtCMqNpC
563,Joyan,jmathivetfm@unesco.org,Z3IsbzA0uvE3
564,Jobina,jmacauleyfn@gnu.org,l1asA0Clu3n3
565,Stevie,sfancottfo@patch.com,v7u5TD
566,Reena,rsinsonfp@admin.ch,MUOaE7M12jjY
567,Nester,njexfq@free.fr,j6xTRuojB6SS
568,Drucill,dgalvanfr@devhub.com,7rNUVInnl
569,Lanny,lloyfs@hhs.gov,CIJI5Fj
570,Theodore,thedlestoneft@tmall.com,iuGHdAPDB
571,Rhys,rjansafu@dion.ne.jp,MTf6rP4
572,Carroll,cduddellfv@gnu.org,ZNWEwJr
573,Skye,sbieverfw@google.nl,UiigdVbIJPn
574,Amory,ahuttfx@cbslocal.com,TLXrfCj
575,See,sstoyellfy@latimes.com,WFYBcha
576,Paco,pjolyfz@nationalgeographic.com,XHjoTg1
577,Eolande,eattenbroughg0@noaa.gov,8RefEf
578,Nelie,nbroxapg1@hubpages.com,nIKagD
579,Vachel,vscaddingg2@bbb.org,r1OyhaSkrutW
580,Oliver,ocuseckg3@soup.io,nc6Kqw306
581,Gretta,gmilsapg4@twitter.com,9OdJHLmOgLG
582,Willetta,wespyg5@soundcloud.com,7g8xO36odbeI
583,Herschel,hcurnokkg6@skyrock.com,rHjTgiAFqtKg
584,Lindi,lburnsallg7@squarespace.com,hrUaKHjL
585,Nikola,nlonglandsg8@who.int,IM7g4V9nS07
586,Lou,lpreddleg9@arizona.edu,38lvMboH
587,Rickie,rrampleega@umich.edu,2cZuw4ik2K
588,Antonio,apeacheygb@ed.gov,mkwgjGT8XOzo
589,Loralee,llongleygc@skyrock.com,EME9DcZ3t08s
590,Codi,csherebrookgd@un.org,kY5ibXF
591,Nikki,ndaubyge@wufoo.com,3BTJXJMwcV
592,Janene,jbackshillgf@woothemes.com,d8Mx7dQm
593,Franny,fmenatgg@usa.gov,lJQFt0WXYn
594,Margit,mcushegh@illinois.edu,x8AaiRNob
595,Danyette,dosoriogi@ezinearticles.com,lL71Ri
596,Spencer,sattwellgj@jalbum.net,yy3I1m
597,Robby,rkeergk@adobe.com,MSMZkabhs
598,Britte,bcarseygl@bbb.org,AV2e0mZfq
599,Rubie,rcalegm@youku.com,cp04fTd9uF7J
600,Lilah,lwimpgn@youtu.be,Jmnf688WEEE3
601,Salli,selliottgo@slashdot.org,kJL84PL3ve
602,Ann,afarrearsgp@scribd.com,YylqFmZP
603,Louella,lvernallgq@livejournal.com,1zNaJE
604,Finn,fsemkinsgr@odnoklassniki.ru,U3u9UJUEOH
605,Marley,mbrabendergs@addtoany.com,cC29vinH
606,Diann,ddohertygt@cloudflare.com,WbZAToQzI7L
607,Rasla,rhebdengu@yandex.ru,ZwNO2xQP
608,Paulina,pfettesgv@yahoo.co.jp,GwMJnX
609,Hurley,hbriskergw@furl.net,anpDwb
610,Alvan,asholemgx@mapy.cz,hPKjbNM7a
611,Estele,eoluneygy@plala.or.jp,j1lyMyww8q
612,Linet,lmarvellgz@free.fr,g9PCziw
613,Mame,mgruteh0@globo.com,Dlzz8jdb0pP
614,Trumaine,tbenesh1@devhub.com,P9H4QQU4
615,Nero,nfrenchumh2@4shared.com,gPU0fuaJz96
616,Christopher,cgyppsh3@ustream.tv,6uFNzqV5
617,Ricky,rpurcellh4@mashable.com,ladRlbc7puC
618,Shirley,sgewerh5@booking.com,aLjhKrV
619,Gerrard,gmithamh6@mayoclinic.com,fssepc
620,Karrie,kkeslakeh7@state.tx.us,vaHd8HG
621,Henderson,hfoadh8@multiply.com,Ug0DCc
622,Jasmina,jbaudich9@slideshare.net,xcuCfjI
623,Charlton,csussexha@networksolutions.com,DGJtJFs61tP
624,Glad,gmaskellhb@woothemes.com,R3qyng8ZZJN
625,Nikola,nmacnultyhc@opera.com,kthrhLnFf
626,Morty,mbaldassihd@netlog.com,In2wNc
627,Tobin,tlethabridgehe@buzzfeed.com,9WulYS07
628,Stafani,sgrubehf@apple.com,eeg5xaRIo2
629,Yankee,ymarinhg@free.fr,RsM6A38sM
630,Benedict,bfossickhh@cpanel.net,B6XHRxx
631,Timotheus,tmcclunehi@msu.edu,BYCyvM42bcky
632,Beverley,bhealeshj@odnoklassniki.ru,RHcexsgWO
633,Hyman,hlympanyhk@stumbleupon.com,pDg5EVy5Yrcx
634,Paddy,pemmothl@samsung.com,19k4xirIUmf
635,Filberto,fantwishm@ebay.com,MI02d0
636,Georgetta,gjoseferhn@dell.com,E68B1gtnIM
637,Ronny,ronraetho@yellowpages.com,cYLMDHWRh
638,Mattheus,mgreimhp@ed.gov,9hjl0RTpdBRl
639,Ken,ksargenthq@joomla.org,7UtuF0qEcC
640,Zsa zsa,zvardeyhr@chronoengine.com,PzPEPdDjlCrT
641,Lissie,lpauleauhs@msu.edu,pqbz3B
642,Jo-ann,jboundsht@ibm.com,Q4jsJV
643,Wittie,wgrimsteadhu@comcast.net,IcWyG1dhGvjd
644,Marjory,mhusbandhv@123-reg.co.uk,cuRU5WZN
645,Stavros,sferrarihw@prweb.com,5vX0jA3FBDQ
646,Neil,npenrosehx@amazon.co.jp,Qtnxb8
647,Marijn,mlacasahy@uiuc.edu,dqN266cM0y
648,Floria,fbrackpoolhz@dot.gov,4SZhVRyA8R
649,Udell,uiacobuccii0@discuz.net,BiSBVpj
650,Fletcher,fbrysoni1@opensource.org,BTbtV2enNk
651,Odelle,ofernandesi2@ox.ac.uk,iAXr1kbS
652,Rheta,rdennistoni3@dion.ne.jp,VLNAl4pG
653,Jonie,jhabbemai4@ning.com,EXGSYiPgqsw
654,Jerald,jbinniei5@seattletimes.com,i0Y9apN
655,Royall,repdelli6@wp.com,rzKRyaR4
656,Bryn,bpanniersi7@amazon.co.jp,hSPr1I62yt
657,Lilas,lespini8@studiopress.com,aI7ZxiGYR40w
658,Melonie,mjambrozeki9@miitbeian.gov.cn,NrkL77nMPaf
659,Wylie,wtoffoliniia@google.nl,91oHplvhk
660,Boyd,bkeddyib@pinterest.com,sCUwxm
661,Wayne,wnorganic@globo.com,TAQHuCGLwIY
662,Morrie,mdegoeyid@uol.com.br,GPF9K3
663,Hermann,hligoeie@chron.com,NrFBHP7qke
664,Malchy,mnewlinif@list-manage.com,vNYQExz1HO
665,Broderic,balamig@constantcontact.com,yAidzpwVh7gX
666,Geoff,gpythonih@ehow.com,qo7Hr63noRnN
667,Corabella,cneumannii@who.int,n2DMdp
668,Garrik,geydenij@dot.gov,xxznpdg
669,Inness,inowakowskiik@tiny.cc,zu0EgblBX
670,Fayre,fshiellil@mediafire.com,ymUpwd9u8vgE
671,Darnall,dpoplandim@purevolume.com,Q2PfPo
672,Marketa,mmalinin@nih.gov,Odyw5dM2OSU
673,Fernando,fgamesonio@patch.com,DZhUXD4a
674,Nicolis,nferyip@reference.com,zHOF1o2rgYeW
675,Darline,dhallawelliq@plala.or.jp,LJThl7IdT
676,Shem,sbrungerir@feedburner.com,wrbFG1v
677,Dolli,dlangforthis@amazon.de,lpejVDhGmBbi
678,Isac,isiwardit@un.org,x2G6hBEc6yH
679,Hannie,hgammadeiu@china.com.cn,miFmsv4eIg
680,Sharyl,sgrunnelliv@marketwatch.com,8iUWDczXSJS
681,Yovonnda,ycoppoiw@cloudflare.com,tn5x6Q3YHw
682,Connor,cbransdonix@chron.com,Bl0tbph1
683,Judy,jhunnableiy@nationalgeographic.com,qw1buUQEt
684,Cull,clarciereiz@fastcompany.com,k7XolWMS2SKz
685,Tandi,tmanterfieldj0@ustream.tv,7ITF2BUp
686,Even,esporrijj1@dropbox.com,wdCPcXI
687,Ulrich,ukorejsj2@wordpress.org,zsBUSlf
688,Mellisent,mguerrierj3@cloudflare.com,dws2nTCs
689,Lenard,lforkerj4@forbes.com,b6Jl8WO
690,Celina,cmewettj5@imageshack.us,LAGVkChW9dZD
691,Jennette,jbramfordj6@merriam-webster.com,jHq2mNWO
692,Cal,crymillj7@irs.gov,4bjAbcutT
693,Constantina,cserjentj8@gnu.org,v2RhOSTJ1k
694,Agustin,aconryj9@chron.com,eI8TxVGZ
695,Oby,obatchelarja@bandcamp.com,i3vxXwlF
696,Merrielle,mhaswalljb@themeforest.net,oblhlr
697,Moshe,mdesseinejc@noaa.gov,UFzVUElyF
698,Erin,efrangellojd@sohu.com,ygDope
699,Nils,nllelwelnje@liveinternet.ru,Vd3Q6HkTMrG
700,Roth,rhaugjf@so-net.ne.jp,2hEgGk5Wdo
701,Collen,cbalsdonejg@squarespace.com,pGY1uuPv
702,Alika,azoepheljh@yale.edu,R7suqXfH
703,Gayleen,gtitcombeji@opera.com,MMZBmkJU4OSW
704,Powell,peamjj@netlog.com,fMCIBhoBkh
705,Venus,vpandyajk@jimdo.com,KVb7rnivGk
706,Marigold,mtrimblejl@nifty.com,jUheE4kjh2BP
707,Sampson,sdanilovichjm@seattletimes.com,eDBALv936y
708,Valene,vchrstinejn@bbb.org,cNbOMkEwzFP
709,Randene,rpetzjo@pagesperso-orange.fr,2f2M10
710,Jodie,jonoulanejp@photobucket.com,S2A7tVKmsqc
711,Willem,wredittjq@alibaba.com,FxUDim
712,Adda,ahandrekjr@mashable.com,4a5zptJuN8J
713,Clemente,cbiggerstaffjs@merriam-webster.com,mUNM6lLLQB
714,Nerissa,nberkjt@unicef.org,PX2ipI6kthk
715,Marilee,mlewseyju@illinois.edu,etn7JYE89
716,Markus,mdomeniconejv@virginia.edu,DuBxIKwD
717,Kareem,ksimkinjw@discovery.com,Xa77JI
718,Karoly,kstearnejx@vimeo.com,cCr6pU6avHoS
719,Grove,gsedgmanjy@fc2.com,nlABPgq9or
720,Nap,ncampionjz@tuttocitta.it,TsgJAej3fIF7
721,Eduardo,eleesonk0@oaic.gov.au,LdQTi3S7n
722,Jonathon,jconeauk1@vinaora.com,dOwwBGL
723,Belia,bbenzak2@ameblo.jp,Lfnd9kWa
724,Giffard,gbrownlowk3@marketwatch.com,af8Fm4
725,Alfreda,agarroldk4@icq.com,xDpW5hyLL
726,Cherianne,cthiemk5@google.de,Zal8hd4p
727,Leonanie,lwalek6@yellowpages.com,tnTdgjhEZce
728,Lynnett,lcluelowk7@friendfeed.com,XreyvOUPuV
729,Coleen,cbaynek8@google.ca,s4yLHDM8O
730,Rodger,rharsesk9@mysql.com,mE8p7gn0
731,Jeremias,jdesantoska@wp.com,3XzpqKFR
732,Tracy,tvanhaeftenkb@scientificamerican.com,E2YtSZk0pvw
733,Glad,gcircuittkc@bbb.org,A7BMf5G
734,Melba,mbiffinkd@nifty.com,mmEWflQjMWt3
735,Quinton,qledwardke@360.cn,ElJVJXc
736,Artur,akenrackkf@wsj.com,wquq9AI8fhxZ
737,Kaela,kcamillerikg@wsj.com,IMZLOy4s
738,Matti,mraffelskh@ucsd.edu,3LQ2dFQL
739,Jennie,jmcilvaneyki@google.co.jp,txXkTnk2fI
740,Raimund,rdeadmankj@nps.gov,jpHekzW
741,Merwyn,mmallebonekk@vimeo.com,ClghIuHxb
742,Sella,ssherwoodkl@51.la,MfVoPeQ
743,Carry,cbyrnekm@drupal.org,BW4Uon
744,Vlad,vcinokn@sphinn.com,ro8270ec
745,Matti,mgoldingko@cloudflare.com,Cp58qYRMF
746,Nell,nbushellkp@deviantart.com,D2iYRAsd5n
747,Danette,dleilekq@chronoengine.com,uKuedOc
748,Arleta,abeccerakr@vkontakte.ru,58QT4KVYbZ
749,Willy,woliveraks@marriott.com,8xcpnEq
750,Hayward,hedworthykt@fema.gov,E3RdBc
751,Pierre,pflageulku@friendfeed.com,TXeyTO
752,Gallagher,gcolquhounkv@fema.gov,vIgVCycpW
753,Jillene,jmcnallykw@vistaprint.com,WK5BCd
754,Tobiah,tgodsellkx@mayoclinic.com,RasVVrLNi
755,Linda,lmacmurrayky@diigo.com,8H2NFzYFY
756,Brendan,bsteinorkz@ft.com,u0vVzb
757,Jerrine,jschimpkel0@comcast.net,BFXpV6dN
758,Thaine,tbuggsl1@ustream.tv,54rg4oPklHH
759,Pauline,pstrowlgerl2@nbcnews.com,gaaqqXR
760,Lelia,ltwizelll3@spiegel.de,pcdakuDRVhW
761,Rahal,rsavelll4@toplist.cz,J4LOlpV13O2q
762,Brunhilda,bvarnhaml5@barnesandnoble.com,0DlTP5v
763,Claudianus,cflecknelll6@loc.gov,OnbTkJHI
764,Cookie,ckillfordl7@umich.edu,HAJhQuqO0
765,Hewet,hadhamsl8@apple.com,5f529zYPyLG
766,Vicky,vdoumencl9@reverbnation.com,VkszMMIh
767,Pandora,ptollla@smugmug.com,iqgNBa8
768,Penrod,pgabriellb@cisco.com,c8nc2oJzC
769,Noak,nmiddlerlc@tumblr.com,5kWccy
770,Benito,bbellield@dailymail.co.uk,Tlz0o5xa8Xz
771,Elset,ecosinle@soundcloud.com,UKVeJbE
772,Sal,sgoscarlf@usda.gov,UtDH3y
773,Hayley,hallensonlg@cdbaby.com,NT9Q6nnE
774,Ingra,ibyardlh@slashdot.org,Lw4Frtak4
775,Daryn,dropkinsli@yellowbook.com,DD5kBn
776,Madelaine,mgwinnellj@list-manage.com,HQ2sK9aG7U
777,Roth,rmathielk@sun.com,Ql8HFhFQIv3
778,Odele,ocokerll@macromedia.com,WV66t4W
779,Andreas,aphillcoxlm@va.gov,gGpi768qaLxJ
780,Lynnelle,lmartineauln@merriam-webster.com,AQSaxriNzZU
781,Edita,efisbylo@home.pl,5b1X7aGstHII
782,Addy,awinklp@boston.com,BVBtBQ2Rz
783,Fields,fminocchilq@cargocollective.com,SjIGBJw85Rig
784,Clarke,cbirkslr@bravesites.com,4sLJ4ToCwI
785,Nelie,nsammarsls@sina.com.cn,vkGps5A
786,Heath,hpittawaylt@ehow.com,o2ux2XNcwX
787,Edgard,eroelvinklu@usnews.com,iPCq3lh
788,Giulietta,ghadinghamlv@theguardian.com,PFbgqhA
789,Glenn,gslayfordlw@accuweather.com,lxwd5QvA4M
790,Cristal,cludwelllx@latimes.com,RbcjWGpwwYt
791,Venus,vromely@cocolog-nifty.com,lyTxCM
792,Maynord,mwiltshearlz@google.es,QvbqHxG
793,Cristobal,crollingsm0@domainmarket.com,tSAChujeQcf5
794,Barbabra,bdunnettm1@123-reg.co.uk,QJNPO91wrb
795,Kelila,kquickendenm2@yahoo.com,3JnItTE
796,Ailyn,abagleym3@xing.com,zTTJpihVyae
797,Fairlie,fwalheddm4@shinystat.com,M9MIMqMafa
798,Karol,kwaszkiewiczm5@nba.com,SooygRe
799,Haily,hdivism6@msn.com,7VAboY39Sf
800,Carol-jean,ctaconm7@shinystat.com,3W9qn5S8tHKX
801,Marjorie,mgreadym8@typepad.com,zjkqDZGR
802,Shoshanna,sdowdellm9@spotify.com,zKibX8dc
803,Carlyle,cdurnoma@myspace.com,DE1vfaYzURA
804,Ruby,rmagnermb@youtube.com,fw6JZp6iUG
805,Jeanne,jfensomemc@foxnews.com,1TRkdwy
806,Mil,mparlottmd@php.net,SaF2l9bJNV
807,Artus,asnookesme@issuu.com,OW2oJUi
808,Ebony,eczaplemf@technorati.com,uiIJfF
809,Ethyl,ehurcombemg@prweb.com,XuA6qeV
810,Tobye,tconklinmh@hud.gov,swP6Qhzc
811,Galvin,gcraftermi@xing.com,sPv5Uzf
812,Mollie,mblackallermj@furl.net,vrvVroq
813,Genna,grenfieldmk@time.com,3JjW4lNd
814,Karil,kaubreyml@deviantart.com,EvlN6qub4bFL
815,Joel,jsnaremm@google.com.hk,EFuC5J
816,Kelley,kgregorinmn@whitehouse.gov,XlBOuS0TD
817,Nicoline,nfloatmo@artisteer.com,QhGt2hS8
818,Joni,jtunnymp@apache.org,9fhBP6nL
819,Siegfried,smishowmq@constantcontact.com,dIFCtj
820,Shela,scattemullmr@yolasite.com,5rD3qVM
821,Valaria,vinggallms@cnet.com,usuLN72On
822,Aristotle,agerishmt@4shared.com,fpsXJll
823,Nickolai,nfaddenmu@amazon.co.uk,48yXXU
824,Berget,bwoolhousemv@hibu.com,x6osHCFY
825,Hallsy,heaglestonmw@tinyurl.com,tRE9bW
826,Abbey,ahuckelmx@howstuffworks.com,hhf4Qvc
827,Ruthie,rkelnermy@ezinearticles.com,CiA6d0rLJ
828,Vinnie,vvanderveldemz@timesonline.co.uk,VC0YwmG
829,Euphemia,esoulsbyn0@cpanel.net,YP9LPp69d
830,Dulcia,ddobrowlskin1@state.tx.us,rPoEvV5h4Fm
831,Claudelle,coboyn2@go.com,KpUIcYqkL
832,Valry,vheggsn3@wufoo.com,Z8syL6B
833,Alessandra,adevilliern4@mac.com,aYPiLFpKSt
834,Hugibert,hwicksn5@wisc.edu,5YDKAF1yB
835,Kristin,kchampagnen6@rambler.ru,bgkN5Ykb
836,Yehudi,yhurdlen7@chron.com,tA3dt6DDIqC6
837,Evelin,edufaurn8@usda.gov,JF88J5LOPLP
838,Raye,rbaynonn9@arizona.edu,n1vdROj
839,Hort,hputsonna@123-reg.co.uk,YV9rdrT7ak
840,Lyn,lmathiesonnb@state.gov,mOUAluJ71
841,Adi,agodonnc@clickbank.net,hMzMt96
842,Olivier,otabramnd@vkontakte.ru,V2XCCGH
843,Timotheus,talgyne@seattletimes.com,ks0lioWVL
844,Elicia,ecoonannf@prweb.com,HxbapP
845,Tuck,tcouvertng@marriott.com,ytFPmz9
846,Kelcey,kpococknh@businessweek.com,CfbyDpx
847,Virgie,vodempseyni@flavors.me,HSP3ng64OCp
848,Audre,akynmannj@usda.gov,qxXfQg8GNnk
849,Breena,brobelinnk@psu.edu,Gu8KkUY
850,Rosita,rdunlopnl@usda.gov,hbzKTHlO7qu
851,Adrian,ageaneynm@newsvine.com,7K4LniiPa8Vi
852,Arman,agrocuttnn@boston.com,5Ahipy5iq0P
853,Thorpe,tclayalno@yellowpages.com,vDj11iAHy
854,Carilyn,cbignellnp@wordpress.org,azgwtQ
855,Ferrell,fheelnq@cloudflare.com,fVcfobZXxX
856,Sosanna,shornignr@privacy.gov.au,N3BOuxb
857,Tonie,tnowaczykns@eventbrite.com,4mwfmSA7
858,Jacqui,jfordhamnt@cbsnews.com,sKaeCTJS
859,Clementia,cprocternu@nifty.com,pHXheR1jY
860,Goober,galeixonv@friendfeed.com,Zl3GlI
861,Mandie,mechellenw@deviantart.com,P60NufV
862,Sergent,shazelhurstnx@goodreads.com,LF6RUZm
863,Janka,jdodridgeny@wix.com,hAzkXFUV8O
864,Arther,ahyamsnz@phpbb.com,3iwQUffr
865,Shell,sgovenlocko0@wikimedia.org,6Bujt7
866,Agata,amoyceo1@google.it,L0FOOCDE91
867,Lavinia,locosgrao2@slashdot.org,XHTRdVxdb
868,Diarmid,dgwillymo3@mail.ru,PLZX0HZTj0
869,Lilian,llomaxo4@jiathis.com,EgOBj2E2dj
870,Etty,etamblyno5@macromedia.com,KVZVyYoTxjC
871,Sibella,skaminskio6@seattletimes.com,09opUP
872,Lyndsie,lnewhouseo7@mediafire.com,xGaX1i3
873,Alleen,achaudhryo8@bigcartel.com,PerLhxD4lOJi
874,Farleigh,floxstono9@privacy.gov.au,Lj0Mq317lXJB
875,Anneliese,arichardesoa@whitehouse.gov,yyy19Og
876,Micheal,mwarfieldob@dedecms.com,EuZ5R0z
877,Tony,tleyntonoc@guardian.co.uk,ZFfOQLKWgE
878,Alyce,asiudaod@mozilla.org,QqMDvPcTZ8
879,Kim,kcollinsonoe@istockphoto.com,TKRLBdw
880,Esme,emilneof@rakuten.co.jp,2IHDLBHv6K
881,Isa,igoldingog@instagram.com,iSACQrhnYnb
882,Allina,aboltwoodoh@youtu.be,n6wEIns37
883,Morgen,mcheleyoi@smh.com.au,4VUgJV
884,Adoree,asolanooj@e-recht24.de,UtxJ4M5z
885,Moina,mtomblingsok@zdnet.com,veSqS4Oh0Sa
886,Barnie,bbiltol@dot.gov,fM8giE
887,Gherardo,gsafhillom@marriott.com,zFSQEw6CrTL
888,Mathilde,mwolfarton@yelp.com,6U3axnf
889,Claiborn,cgarnaroo@rakuten.co.jp,jpvVg7SWlpRO
890,Mariel,mblazeop@upenn.edu,r4xBHxPhuZVT
891,Borg,brossantoq@weebly.com,kc48qIacapI
892,Townsend,tviviansor@buzzfeed.com,utXh3kNIVWFq
893,Reinaldos,rsimakovos@weebly.com,4uoVfNk
894,Bessie,bdinleyot@studiopress.com,N5HtnrzUuc8
895,Dore,dcassonou@admin.ch,feov4OKW
896,Kurt,khounsomov@newyorker.com,cEDO0ZA6fD
897,Obediah,orewow@mail.ru,nI8F2ffb
898,Evan,ebouskillox@cisco.com,WVNQpta3GT
899,Sioux,sbasindaleoy@java.com,phaGo76Vc5wQ
900,Kennett,kcorbridgeoz@shareasale.com,WkRvVFxGAYc9
901,Giacopo,grubartellip0@state.gov,Soa853TH
902,Renie,rbowdenp1@twitpic.com,qgAH81
903,Mata,mruspinep2@sciencedirect.com,zJTwc4xN
904,Manda,mpiesoldp3@imageshack.us,uCe2rOi
905,Evangeline,esaltmarshp4@w3.org,2Qhi56xl1bJ
906,Irma,idibbep5@vk.com,NDSxBQoYpxC2
907,Dore,dcostanp6@amazon.com,bRq0RxP
908,Alain,agutsellp7@amazonaws.com,8DlpXMsF
909,Lark,lstoutep8@globo.com,Bz32F2
910,Madalena,mnozzoliniip9@pinterest.com,Okyb4J
911,Milty,mkopmannpa@ebay.com,3GeDwZk
912,Enrica,eagutterpb@symantec.com,kYatCffoi
913,Renaud,rlayingpc@ox.ac.uk,miuTPEB2Sdhr
914,Marsha,mhouldeypd@chicagotribune.com,DeEu2VV
915,Derek,dkirwanpe@ftc.gov,af4K0VsNM
916,Sydel,scockaynepf@hibu.com,rsYhEho
917,Craggy,cduckwithpg@globo.com,6nqp8o1bAYDd
918,Binnie,broddamph@washington.edu,l9f5gwZcn
919,Yvon,yorthpi@usa.gov,0kzQjg
920,Skye,sspittallpj@patch.com,MDKtieO6m
921,Martin,mbartrappk@slideshare.net,zihj3JAVVlo
922,Manfred,mcliftpl@bravesites.com,SOlOmFE
923,Kaye,kscuttspm@weather.com,nCAK4kGbr
924,Mord,mhebbspn@indiegogo.com,t6HM9C6
925,Klarika,kikringillpo@seesaa.net,651b2vP2FaY
926,Neala,ncharlwoodpp@illinois.edu,50IywwN
927,Tanya,ttropmanpq@npr.org,n19wqSb
928,Audie,awakelinpr@arstechnica.com,IzfrHXkuOa3j
929,Layne,lphilipeauxps@spotify.com,Npkiq1an
930,Warner,wcarmichaelpt@virginia.edu,pSgOp851RJ
931,Crin,cmceachernpu@odnoklassniki.ru,36GBNAl3Edb
932,Boycey,bwarcuppv@cnbc.com,rUDsva2
933,Kyle,ktoolanpw@lulu.com,ZzCfufjc
934,Tomaso,tmaultbypx@tinypic.com,SE3Tfgms
935,Manolo,mlavarackpy@ebay.com,ojkqd11
936,Otes,obischofpz@twitter.com,1YrDRDqvUz
937,Silvanus,sthynneq0@drupal.org,Bani3lj
938,Blair,bcoomq1@csmonitor.com,9zglkHx0f
939,Baxy,bpollingtonq2@cmu.edu,fpGwefrB
940,Clarita,cbessentq3@mail.ru,5rOi9wkzPu
941,Jourdain,jcastagneq4@columbia.edu,jazfQU6JiQk
942,Bee,bhaireq5@fema.gov,lDHnY1O
943,Ingaborg,iberresfordq6@yahoo.com,4In3wJ6fr
944,Sloan,sklemensiewiczq7@baidu.com,qq8ewT
945,Zea,zsollasq8@walmart.com,3olE6ZwNgD
946,Blondie,bbathoq9@ocn.ne.jp,dwti1ucS3
947,Shirleen,seakinsqa@people.com.cn,KHXFphANp
948,Rafe,rmcsarryqb@phpbb.com,baogOJcuY
949,Lenee,lartrickqc@blogtalkradio.com,j7V7u17Kj
950,Nichol,npadburyqd@constantcontact.com,jjzKDkQ
951,Adrienne,apammenterqe@fema.gov,lNpwERb4X
952,Ode,owanderschekqf@myspace.com,Frt4VybP
953,Dasie,dduesberryqg@nsw.gov.au,0QdqlL3ivKJ4
954,Chico,cdaceyqh@amazon.com,BxM152h
955,Pepi,pmosleyqi@xinhuanet.com,254bWcBlKKs
956,Jasun,jnewittqj@npr.org,bAckzGX
957,Angelika,atowsieqk@hc360.com,RkHLIE8x
958,Alla,ailymanovql@stumbleupon.com,v0IWPJie
959,Amerigo,adurieqm@rakuten.co.jp,tU1wkLgba1d
960,Irvin,irusselqn@oakley.com,NLSgUH
961,Amelina,arosiniqo@cbsnews.com,nNgjCWTynVOp
962,Caril,ctythertonqp@ihg.com,2e5bNfQ
963,Hermina,hflecknellqq@ucsd.edu,srddJTeR4LDZ
964,Ingelbert,imattamqr@desdev.cn,hn0Yo6ee82
965,Cris,caxonqs@china.com.cn,ORUWwtSfAYXT
966,Bondie,bwillemanqt@uiuc.edu,IdFtPzp
967,Jere,jdavydkovqu@newsvine.com,KCnbuYBNX
968,Ranice,rrummerqv@msu.edu,EoOziNE
969,Derrik,dinnerstoneqw@deliciousdays.com,tbF1ZCnWb
970,Alonso,amallordqx@earthlink.net,VG28rdHPMp5
971,Augusta,apragnellqy@mozilla.org,TRL8wT
972,Erie,ecahalinqz@time.com,WyGYHIF
973,Godfry,glorencer0@ftc.gov,h5twdiyeoH
974,Judon,jroderr1@wordpress.com,Jkebq45LJ
975,Velma,vdaulbyr2@discovery.com,OjV1J7Np
976,Nikaniki,ngathererr3@desdev.cn,k5YdfV
977,Merrill,maldwinckler4@spotify.com,8ZaN1X
978,Gratia,gscanderetr5@twitter.com,rwfgDKj
979,Kayla,kvanderveldtr6@deliciousdays.com,5blmlks6
980,Carlos,cdilworthr7@engadget.com,krFZvm
981,Isidore,iayshfordr8@google.co.jp,xHiWjwyv
982,Alvina,amancerr9@opensource.org,3iaQP6iP9
983,Otho,opechetra@nymag.com,VhACPOMRFmg
984,Hedi,hcollcuttrb@sogou.com,99OvvRFZ
985,Rey,rduesburyrc@indiegogo.com,VBcYq6n
986,Holmes,hpeniellord@columbia.edu,RD4CJtIgyOu
987,Elonore,eprattenre@illinois.edu,t95nemrdVvb
988,Florence,fhowisonrf@pinterest.com,Z4ImKkWfA
989,Antonin,adrayseyrg@statcounter.com,QqIpJ1lc
990,Philbert,pwhearrh@google.com.hk,hR9mooy
991,Charmaine,cchesserri@webmd.com,tXvHdVMOV
992,Terrence,teisikowitchrj@homestead.com,r7dmzFeP
993,Geoff,ggalpenrk@howstuffworks.com,TqDOreER
994,Theadora,tbrackenrl@sohu.com,ROVcBaldF
995,Inglis,itwederm@ameblo.jp,PIhPsP2Fftup
996,Danya,dguerrerurn@scientificamerican.com,0qV1XfjbWyP
997,Yetty,ychurchmanro@icq.com,lVK3M8nA
998,Teri,twalkingtonrp@nyu.edu,a5NmHfUkMe
999,Karalee,kswanborrowrq@samsung.com,52Cva2G0SIlg
1000,Lucie,lclunierr@delicious.com,LzkLNIK
1001,admin,admin@stp.com,admin
1002,fmartin,fmartin@stp.com,fmartin
